folder,icaos_in_name
beyondatc-toolbar,OLBA
DAAG,DAAG
DTNH,DTNH
EDDL,EDDL
EFHK,EFHK
EFHK-Helsinki,EFHK|SINK
EGKK,EGKK
EGKK-Gatwick,EGKK
ENBR,ENBR
ENBR-Bergen,ENBR
ENGM,ENGM
ENGM-Oslo,ENGM
EPWA,EPWA
EPWA-Ground,EPWA
flytampagg-athens,MPAG|PAGG|YTAM
fnx-aircraft-319-easyJet-EJU-Y156-Pack 1,PACK
fnx-aircraft-320-easyJet-EJU-Y186-Pack,PACK
fnx-aircraft-320-easyJet-EJU-Y186-Pack 5,PACK
fnx-aircraft-320-easyJet-EJU-Y186-Pack 6,PACK
fnx-aircraft-320-easyJet-EZS-Y186-Pack-3,PACK
fnx-aircraft-320-easyJet-EZY-Y186-Pack 7,PACK
fsdreamteam-airport-lszh-zurich,FSDR|LSZH
fsdreamteam-gsx-pro,FSDR
fsdreamteam-gsx-world-of-jetways,FSDR
FSIPANEL,SIPA
fsipanel-messages,SSAG|ESSA|SIPA
fsltl-traffic-base,SLTL
fsltl-traffic-injector,SLTL
GMME,GMME
GMME-Rabat,GMME
heclak-ui-handlebar-mod,LEBA|EBAR
jetstream-lfpo,LFPO
justsim-eddl_MSFS_24,EDDL
LEAL,LEAL
LEAL-City,LEAL
LEIB,LEIB
LEPA,LEPA
LEPA-Ground,LEPA
LFML,LFML
LFPG_fix,LFPG
LFPO,LFPO
LFPO-Jetstream-Paris Orly,LFPO
LGAV,LGAV
LGIR,LGIR
LGIR_Base,LGIR
LGMK,LGMK
LGSK,LGSK
LGSR,LGSR
LIRN-rdpresets-Naples,SETS|LIRN
LPPR,LPPR
LPPT,LPPT
LRBV,LRBV
LRBV-Brasov,LRBV
LSGG,LSGG
LTFM,LTFM
MDPC,MDPC
MDPC-Punta Cana,MDPC
mkstudios-airport-lppr-porto,LPPR
mkstudios-airport-lppt-lisbon,LPPT|SBON
mobiflight-event-module,BIFL
mycompany-aerial,YCOM
navigraph-avionics-g1000,VIGR
navigraph-avionics-g3000-g5000,VIGR
navigraph-avionics-g3x,VIGR
navigraph-efb-chartsapp,VIGR
navigraph-efb-simbriefapp,VIGR|FAPP
navigraph-ingamepanels-charts,VIGR
navigraph-nav-base,VIGR
navigraph-nav-jepp,VIGR
orbx-airport-lgsk-skiathos,LGSK
redwing_LSGG,EDWI|LSGG
scenerytr-airport-ltfm-istanbul,LTFM
simwings-airport-leib-ibiza,SIMW|LEIB
SLH_Sim_Designs_SOCA_FS24,SIGN|SOCA
SOCA,SOCA
winwing-wwtwasm,WASM
fs20-aerosoft-airport-eddb-berlin-brandenburg,EDDB
fs20-aerosoft-airport-gcla-la-palma,GCLA
fs20-aerosoft-airport-leco-a-coruna,LECO
fs20-aerosoft-airport-licr-reggio-calabria,LICR
fs20-aerosoft-paderborn,PADE
fs20-amsim-lpma-madeira,LPMA
fs20-asobo-aircraft-b787-10-livery-orbit,ORBI
fs20-asobo-aircraft-b787-10-livery-pacifica,PACI
fs20-asobo-aircraft-b787-10-livery-united,UNIT
fs20-asobo-aircraft-longitude-livery-orbit,ORBI
fs20-asobo-aircraft-longitude-livery-pacifica,PACI
fs20-asobo-aircraft-savage-shockultra-livery-aviators,SAVA
fs20-asobo-aircraft-savage-shockultra-livery-xbox-aviators,SAVA
fs20-asobo-airport-lfcs-saucats,LFCS
fs20-asobo-landingchallenge-biis-isafjordur-fs24,HALL|BIIS
fs20-asobo-landingchallenge-efva-vaasa-fs24,EFVA|HALL
fs20-asobo-landingchallenge-ekrn-bornholm-fs24,HALL|EKRN
fs20-asobo-landingchallenge-ensb-svalbard-fs24,HALL|ENSB|SVAL
fs20-asobo-landingchallenge-essa-arlanda-fs24,HALL|ESSA
fs20-asobo-simobjects-boats,SIMO
fs20-asobo-simobjects-boats-modular,ULAR|SIMO
fs20-bmw-limj-genoa,LIMJ
fs20-deimosinc-airport-limc-malpensa,LIMC
fs20-deimosinc-airport-lira-ciampino,LIRA
fs20-drzewieckidesign-epkk,EPKK|SIGN
fs20-flightbeam-airport-lfbo-toulouse,LFBO
fs20-flytampa-copenhagen,YTAM|ENHA
fs20-francevfr-airport-apt1-airportfrance-pack1,ORTF|PACK
fs20-fsx3d-lfkf-figari,LFKF
fs20-gaya-simulations-airport-lirq-florence,LATI|LIRQ|SIMU
fs20-lvfr-lemd,LEMD
fs20-microsoft-airport-kjrb-ny-downtown-manhattan-heliport,LIPO
fs20-microsoft-airport-scvh-lavictoriadechacabuco,SCVH
fs20-microsoft-airport-voloport,OPOR
fs20-microsoft-australia-point-of-interest,USTR
fs20-microsoft-countryside-point-of-interest,UNTR
fs20-microsoft-countryside-point-of-interest-quarry,UNTR|UARR
fs20-microsoft-discovery-auckland,KLAN|SCOV
fs20-microsoft-discovery-barcelona,SCOV
fs20-microsoft-discovery-benmore,SCOV
fs20-microsoft-discovery-berlin,SCOV
fs20-microsoft-discovery-budapest,SCOV
fs20-microsoft-discovery-centraljava,SCOV
fs20-microsoft-discovery-cliffsofmoher,SCOV
fs20-microsoft-discovery-coimbra,OIMB|SCOV
fs20-microsoft-discovery-dach2a-frankfurtm,SCOV
fs20-microsoft-discovery-dach2b-zurich,SCOV
fs20-microsoft-discovery-dach2c-vienna,ENNA|SCOV
fs20-microsoft-discovery-darwin,SCOV
fs20-microsoft-discovery-dublin,SCOV
fs20-microsoft-discovery-edinburgh,SCOV
fs20-microsoft-discovery-florence,SCOV
fs20-microsoft-discovery-freiburg,SCOV
fs20-microsoft-discovery-gibraltar,LTAR|SCOV
fs20-microsoft-discovery-goldcoast,SCOV
fs20-microsoft-discovery-grandcanyon,SCOV
fs20-microsoft-discovery-helsinki,SINK|SCOV
fs20-microsoft-discovery-kiribati,SCOV
fs20-microsoft-discovery-lisbon,SBON|SCOV
fs20-microsoft-discovery-madrid,SCOV
fs20-microsoft-discovery-mauna,SCOV
fs20-microsoft-discovery-mecca,SCOV
fs20-microsoft-discovery-melbourne,SCOV
fs20-microsoft-discovery-montreal,SCOV
fs20-microsoft-discovery-monument,SCOV
fs20-microsoft-discovery-mountcook,SCOV
fs20-microsoft-discovery-no2-bergen,SCOV
fs20-microsoft-discovery-no2-faroer,FARO|SCOV
fs20-microsoft-discovery-no2-gothenburg,SCOV
fs20-microsoft-discovery-no2-reykjavik,SCOV
fs20-microsoft-discovery-pennine,SCOV
fs20-microsoft-discovery-perth,SCOV
fs20-microsoft-discovery-prague,SCOV
fs20-microsoft-discovery-queenstown,ENST|SCOV
fs20-microsoft-discovery-roma,SCOV
fs20-microsoft-discovery-sanjuan,SCOV
fs20-microsoft-discovery-sarajevo,SCOV
fs20-microsoft-discovery-seattle,SCOV
fs20-microsoft-discovery-singapore,SING|SCOV
fs20-microsoft-discovery-stlouis,SCOV
fs20-microsoft-discovery-stlucia,SCOV
fs20-microsoft-discovery-stmarteen,SCOV
fs20-microsoft-discovery-sydney,SCOV
fs20-microsoft-discovery-tahiti,SCOV
fs20-microsoft-discovery-toronto,SCOV
fs20-microsoft-discovery-uluru,SCOV
fs20-microsoft-discovery-vancouver,SCOV
fs20-microsoft-discovery-venezia,SCOV
fs20-microsoft-discovery-westmaui,SCOV
fs20-microsoft-germany-austria-switzerland-point-of-interest,USTR|SWIT
fs20-microsoft-landingchallenge-1id9-inkom-fs24,HALL
fs20-microsoft-landingchallenge-ayin-busilmin,HALL|AYIN|SILM
fs20-microsoft-landingchallenge-biar-akureyri,HALL|BIAR
fs20-microsoft-landingchallenge-cas3-barkerville-fs24,HALL|KERV
fs20-microsoft-landingchallenge-cycg-castlegar-fs24,HALL|CYCG|LEGA|EGAR
fs20-microsoft-landingchallenge-cyyc-calgary-fs24,HALL|CYYC
fs20-microsoft-landingchallenge-dach2a-edcp,HALL|EDCP
fs20-microsoft-landingchallenge-dach2b-logi,LOGI|HALL
fs20-microsoft-landingchallenge-dach2c-lspm,LSPM|HALL
fs20-microsoft-landingchallenge-eddl-dusseldorf-fs24,EDDL|HALL|SELD|LDOR
fs20-microsoft-landingchallenge-edxh-duene-fs24,HALL|EDXH
fs20-microsoft-landingchallenge-egpr-barra,HALL|EGPR
fs20-microsoft-landingchallenge-egss-stansted-fs24,EGSS|HALL
fs20-microsoft-landingchallenge-eick-cork-fs24,HALL|EICK
fs20-microsoft-landingchallenge-enra-rossvoll-fs24,SVOL|HALL|ENRA|SSVO
fs20-microsoft-landingchallenge-essc-ekeby-fs24,HALL|EKEB|ESSC
fs20-microsoft-landingchallenge-katl-atlanta-fs24,HALL|KATL
fs20-microsoft-landingchallenge-ktex-telluride-fs24,HALL|KTEX
fs20-microsoft-landingchallenge-ldsp-kastela,KAST|HALL|LDSP
fs20-microsoft-landingchallenge-lebb-bilbao-fs24,HALL|LEBB
fs20-microsoft-landingchallenge-lege-girona-fs24,HALL|LEGE
fs20-microsoft-landingchallenge-lenl-leon,HALL
fs20-microsoft-landingchallenge-licj-palermo-fs24,LERM|HALL|LICJ
fs20-microsoft-landingchallenge-licr-reggiocalabria-fs24,HALL|LICR
fs20-microsoft-landingchallenge-limj-sestri-fs24,LIMJ|HALL|SEST
fs20-microsoft-landingchallenge-ljza-zagorje,HALL
fs20-microsoft-landingchallenge-lowk-klagenfurt-fs24,HALL|LOWK
fs20-microsoft-landingchallenge-lppi-pico,HALL|LPPI
fs20-microsoft-landingchallenge-lppm-portimao-fs24,HALL|ORTI|LPPM
fs20-microsoft-landingchallenge-lsza-lugano-fs24,HALL|LSZA
fs20-microsoft-landingchallenge-lszr-stgallen-fs24,HALL|LSZR
fs20-microsoft-landingchallenge-lztt-tatry,HALL|LZTT
fs20-microsoft-landingchallenge-mdpp-luperon-fs24,HALL|MDPP
fs20-microsoft-landingchallenge-mtca-cayes-fs24,AYES|HALL|MTCA
fs20-microsoft-landingchallenge-myeh-eleuther-fs24,HALL|MYEH
fs20-microsoft-landingchallenge-nffn-nadi,NFFN|HALL
fs20-microsoft-landingchallenge-nzch-christchurch,NZCH|HALL
fs20-microsoft-landingchallenge-nzqe-griver-fs24,HALL
fs20-microsoft-landingchallenge-nzrc-bluff,HALL|NZRC
fs20-microsoft-landingchallenge-nzwn-wellington,HALL|NZWN|NGTO
fs20-microsoft-landingchallenge-p16-palmyra,HALL
fs20-microsoft-landingchallenge-ybbn-brisbane-fs24,HALL|SBAN|YBBN
fs20-microsoft-landingchallenge-yhot-mthotham-fs24,HALL|YHOT
fs20-microsoft-landingchallenge-ykat-katoomba-fs24,YKAT|HALL
fs20-microsoft-landingchallenge-ymaa-mabuiag-fs24,YMAA|HALL|UIAG
fs20-microsoft-landingchallenge-yshl-shellharbour-fs24,HALL|YSHL|LLHA
fs20-microsoft-modellib-airport-glider,LLIB|LIDE
fs20-microsoft-scenery-lasvegas,SVEG
fs20-microsoft-scenery-oilrig-worldwide,WIDE
fs20-microsoft-simobjects-vehicles,SIMO
fs20-microsoft-unitedstates-point-of-interest,EDST|UNIT
fs20-mkstudios-airport-lirf-rome,LIRF
fs20-orbx-airport-lfkb-bastia,LFKB
fs20-pilotplus-airport-eggd-bristolinternational,EGGD
fs20-uk2000scenery-airport-commonlibrary,LIBR
fs20-uk2000scenery-airport-eggw-luton,EGGW
fs24-asobo-aircraft-flightdesignct,SIGN
fs24-asobo-aircraft-flydoo,YDOO
fs24-asobo-aircraft-savage-cub,SAVA
fs24-asobo-aircraft-savage-shockultra-livery-kenmore,SAVA
fs24-asobo-airport-biis-isafjordur,BIIS
fs24-asobo-airport-cytz-billy-bishop,BISH|CYTZ
fs24-asobo-airport-czst-stewart-aerodrome,WART|CZST
fs24-asobo-airport-eg78-outskerries,KERR|UTSK
fs24-asobo-airport-eidl-donegal,EIDL
fs24-asobo-airport-huen-entebbe,EBBE|HUEN
fs24-asobo-airport-kase-aspen,KASE|SPEN
fs24-asobo-airport-kcof-patrickafb,KCOF
fs24-asobo-airport-kdfw-dallas-fort-worth,KDFW
fs24-asobo-airport-keb-nanwalek,WALE
fs24-asobo-airport-kjfk-new-york-jfk,KJFK
fs24-asobo-airport-klax-losangeles,KLAX
fs24-asobo-airport-kmco-orlando,KMCO
fs24-asobo-airport-knfl-nas-fallon,KNFL|FALL
fs24-asobo-airport-knkx-miramar-mcas,KNKX
fs24-asobo-airport-ksea-seattle-tacoma,KSEA
fs24-asobo-airport-ksez-sedona,EDON|KSEZ|SEDO
fs24-asobo-airport-kswf-stewartintl,WART|KSWF
fs24-asobo-airport-ktex-telluride,KTEX
fs24-asobo-airport-kxmr-cap-canaveral,KXMR
fs24-asobo-airport-lebb-bilbao,LEBB
fs24-asobo-airport-lflj-courchevel,LFLJ
fs24-asobo-airport-lfpg-paris-charles-de-gaulle,LFPG
fs24-asobo-airport-lowi-innsbruck,LOWI
fs24-asobo-airport-lpma-madeira,LPMA
fs24-asobo-airport-lxgb-gibraltar,LXGB|LTAR
fs24-asobo-airport-mhtg-toncontin,MHTG
fs24-asobo-airport-mrsn-sirena-station,MRSN
fs24-asobo-airport-nzqn-queenstown,NZQN|ENST
fs24-asobo-airport-rjtt-tokyo-haneda,RJTT
fs24-asobo-airport-rjx8-suwanosejima,SEJI
fs24-asobo-airport-rokr-kerama,ROKR
fs24-asobo-airport-rors-shimojishima,RORS
fs24-asobo-airport-sbgl-riodejaneiro,SBGL
fs24-asobo-airport-seqm-mariscal-sucre-quito,SCAL|SEQM
fs24-asobo-airport-spgl-chagual,SPGL
fs24-asobo-airport-tffj-gustaf,TFFJ
fs24-asobo-airport-tncs-saba,TNCS
fs24-asobo-airport-vnlk-lukla,VNLK
fs24-asobo-airport-vqpr-paro,VQPR
fs24-asobo-airport-yssy-sydney,YSSY
fs24-asobo-challenges-lowalt-s1-alps,HALL|WALT
fs24-asobo-challenges-lowalt-s1-blueridgemountains,HALL|WALT
fs24-asobo-challenges-lowalt-s1-blueridgemountains-a10,HALL|WALT
fs24-asobo-challenges-lowalt-s1-grandcanyon,HALL|WALT
fs24-asobo-challenges-lowalt-s1-pyrenees,HALL|YREN|WALT
fs24-asobo-challenges-lowalt-s1-riffelake,HALL|WALT
fs24-asobo-challenges-lowalt-s1-selenice,HALL|WALT
fs24-asobo-challenges-lowalt-s1-sidewinderab,HALL|WALT
fs24-asobo-challenges-lowalt-s1-toiyabecanyon,HALL|WALT
fs24-asobo-challenges-lowalt-s1-yanertglacier,HALL|WALT
fs24-asobo-challenges-lowalt-s2-corsica,HALL|WALT
fs24-asobo-challenges-lowalt-s2-urubici,HALL|WALT
fs24-asobo-challenges-precisionlanding-s1-belayim,HALL|AYIM
fs24-asobo-challenges-precisionlanding-s1-courchevel-lflj,HALL|LFLJ
fs24-asobo-challenges-precisionlanding-s1-donamarta-smdh,HALL
fs24-asobo-challenges-precisionlanding-s1-islaholbox,HALL
fs24-asobo-challenges-precisionlanding-s1-lukla-vnlk,VNLK|HALL
fs24-asobo-challenges-precisionlanding-s1-orlando-kmco,HALL|KMCO
fs24-asobo-challenges-precisionlanding-s1-saba-tncs,HALL|TNCS
fs24-asobo-challenges-precisionlanding-s1-savannafuue,HALL|SAVA
fs24-asobo-challenges-precisionlanding-s1-theneedles-eglt,HALL|EDLE
fs24-asobo-challenges-precisionlanding-s1-thridrangaviti,HALL
fs24-asobo-challenges-precisionlanding-s2-indianarm,HALL
fs24-asobo-challenges-precisionlanding-s2-langkampfen-loik,HALL|LOIK|MPFE
fs24-asobo-challenges-precisionlanding-s2-saopaulo-sbgr,HALL|SBGR
fs24-asobo-challenges-rallyrace-s1-gaube-xcub,HALL
fs24-asobo-challenges-rallyrace-s1-glacier,HALL
fs24-asobo-challenges-rallyrace-s1-glacier-l39,HALL
fs24-asobo-challenges-rallyrace-s1-grandcanyon,HALL
fs24-asobo-challenges-rallyrace-s1-machloop,HALL
fs24-asobo-challenges-rallyrace-s1-malaga,HALL
fs24-asobo-challenges-rallyrace-s1-malaga-at802,HALL
fs24-asobo-challenges-rallyrace-s1-queenstown,HALL|ENST
fs24-asobo-challenges-rallyrace-s1-queenstown-at802,HALL|ENST
fs24-asobo-challenges-rallyrace-s2-riodejaneiro,HALL
fs24-asobo-discovery-copenhagen,SCOV|ENHA
fs24-asobo-discovery-ecrins,SCOV
fs24-asobo-discovery-everest,SCOV
fs24-asobo-discovery-flakstad,SCOV
fs24-asobo-discovery-fortwilliams,WILL|SCOV
fs24-asobo-discovery-fuji,SCOV
fs24-asobo-discovery-giza,SCOV
fs24-asobo-discovery-leewardislands,SLAN|SCOV
fs24-asobo-discovery-london,SCOV
fs24-asobo-discovery-naples,SCOV
fs24-asobo-discovery-newyork,SCOV
fs24-asobo-discovery-paris,SCOV
fs24-asobo-discovery-riodejaneiro,SCOV
fs24-asobo-discovery-sanfrancisco,SCOV
fs24-asobo-discovery-tokyo,SCOV
fs24-asobo-discovery-yosemite,SCOV
fs24-asobo-eventtriggers,NTTR
fs24-asobo-landingchallenge-cytz-billy-bishop,BISH|HALL|CYTZ
fs24-asobo-landingchallenge-eg78-outskerries,HALL|KERR|UTSK
fs24-asobo-landingchallenge-eghi-southampton,HALL|MPTO|EGHI
fs24-asobo-landingchallenge-eidl-donegal,HALL|EIDL
fs24-asobo-landingchallenge-kase-aspen,HALL|KASE|SPEN
fs24-asobo-landingchallenge-keb-nanwalek,HALL|WALE
fs24-asobo-landingchallenge-kjac-jackson,HALL|KJAC
fs24-asobo-landingchallenge-ksez-sedona,HALL|EDON|KSEZ|SEDO
fs24-asobo-landingchallenge-kswf-stewartintl,HALL|WART|KSWF
fs24-asobo-landingchallenge-lflj-courchevel,HALL|LFLJ
fs24-asobo-landingchallenge-lfmn-nice,HALL|LFMN
fs24-asobo-landingchallenge-lowi-innsbruck,HALL|LOWI
fs24-asobo-landingchallenge-lpma-madeira,HALL|LPMA
fs24-asobo-landingchallenge-lxgb-gibraltar,LXGB|HALL|LTAR
fs24-asobo-landingchallenge-mhtg-toncontin,MHTG|HALL
fs24-asobo-landingchallenge-mynn-nassau,HALL|MYNN|SSAU
fs24-asobo-landingchallenge-nzqn-queenstown,HALL|NZQN|ENST
fs24-asobo-landingchallenge-rjth-hachijojima,HALL|RJTH
fs24-asobo-landingchallenge-rjx8-suwanosejima,HALL|SEJI
fs24-asobo-landingchallenge-rokr-kerama,HALL|ROKR
fs24-asobo-landingchallenge-sbgl-riodejaneiro,HALL|SBGL
fs24-asobo-landingchallenge-scld-llanadagrande,HALL|SCLD
fs24-asobo-landingchallenge-seqm-mariscal-sucre-quito,HALL|SCAL|SEQM
fs24-asobo-landingchallenge-tffj-gustaf,HALL|TFFJ
fs24-asobo-landingchallenge-tncs-saba,HALL|TNCS
fs24-asobo-landingchallenge-vnlk-lukla,VNLK|HALL
fs24-asobo-landingchallenge-vqpr-paro,HALL|VQPR
fs24-asobo-landingchallenge-wx53-bugalaga,HALL
fs24-asobo-landingchallenge-yssy-sydney,YSSY|HALL
fs24-asobo-lepack-landingchallenge-huen-entebbe,EBBE|HALL|LEPA|HUEN|PACK
fs24-asobo-lepack-landingchallenge-knkx-mcasmiramar,KNKX|HALL|LEPA|PACK
fs24-asobo-lepack-landingchallenge-krts-reno,HALL|LEPA|PACK
fs24-asobo-lepack-landingchallenge-lflj-courchevel,HALL|LFLJ|LEPA|PACK
fs24-asobo-lepack-landingchallenge-lfpg-cdg,LFPG|HALL|LEPA|PACK
fs24-asobo-lepack-landingchallenge-lfps-lasalette,HALL|LEPA|PACK
fs24-asobo-lepack-landingchallenge-mrsn-sirenastation,MRSN|HALL|ENAS|LEPA|PACK
fs24-asobo-lepack-landingchallenge-n15-kingstonnevada,HALL|LEPA|PACK|EVAD
fs24-asobo-lepack-landingchallenge-spgl-chagual,HALL|LEPA|PACK|SPGL
fs24-asobo-modellib-airport-generic,LLIB
fs24-asobo-modellib-assets,LLIB|SETS
fs24-asobo-modellib-buildings,LLIB
fs24-asobo-modellib-dynamicassets,LLIB|SETS
fs24-asobo-modellib-props,LLIB
fs24-asobo-modellib-texture,LLIB
fs24-asobo-modellib-vegetation,LLIB|EGET
fs24-asobo-passiveaircraft-a220family,SIVE|FAMI
fs24-asobo-passiveaircraft-a310family,SIVE|FAMI
fs24-asobo-passiveaircraft-a320family,SIVE|FAMI
fs24-asobo-passiveaircraft-a330family,SIVE|FAMI
fs24-asobo-passiveaircraft-a340family,SIVE|FAMI
fs24-asobo-passiveaircraft-a350family,SIVE|FAMI
fs24-asobo-passiveaircraft-a380,SIVE
fs24-asobo-passiveaircraft-aa1,SIVE
fs24-asobo-passiveaircraft-aa5,SIVE
fs24-asobo-passiveaircraft-atrfamily,SIVE|FAMI
fs24-asobo-passiveaircraft-b190,SIVE
fs24-asobo-passiveaircraft-b717-200,SIVE
fs24-asobo-passiveaircraft-b737family,SIVE|FAMI
fs24-asobo-passiveaircraft-b747family,SIVE|FAMI
fs24-asobo-passiveaircraft-b757family,SIVE|FAMI
fs24-asobo-passiveaircraft-b767family,SIVE|FAMI
fs24-asobo-passiveaircraft-b777family,SIVE|FAMI
fs24-asobo-passiveaircraft-b787family,SIVE|FAMI
fs24-asobo-passiveaircraft-baron58family,SIVE|FAMI
fs24-asobo-passiveaircraft-beech-18,SIVE
fs24-asobo-passiveaircraft-beech-23,SIVE
fs24-asobo-passiveaircraft-beech-390,SIVE
fs24-asobo-passiveaircraft-beech-400,SIVE
fs24-asobo-passiveaircraft-beech-45,SIVE
fs24-asobo-passiveaircraft-beech-50,SIVE
fs24-asobo-passiveaircraft-beech-60,SIVE
fs24-asobo-passiveaircraft-beech-70family,SIVE|FAMI
fs24-asobo-passiveaircraft-beech-76,SIVE
fs24-asobo-passiveaircraft-beech-77,SIVE
fs24-asobo-passiveaircraft-beech-95,SIVE
fs24-asobo-passiveaircraft-beech-99,SIVE
fs24-asobo-passiveaircraft-bell-204family,SIVE|FAMI
fs24-asobo-passiveaircraft-bell-230family,SIVE|FAMI
fs24-asobo-passiveaircraft-bell-412,SIVE
fs24-asobo-passiveaircraft-bell-427,SIVE
fs24-asobo-passiveaircraft-bell-429,SIVE
fs24-asobo-passiveaircraft-bell-505,SIVE
fs24-asobo-passiveaircraft-bl8,SIVE
fs24-asobo-passiveaircraft-bonanzafamily,SIVE|FAMI
fs24-asobo-passiveaircraft-c140family,SIVE|FAMI
fs24-asobo-passiveaircraft-c152family,SIVE|FAMI
fs24-asobo-passiveaircraft-c162,SIVE
fs24-asobo-passiveaircraft-c170,SIVE
fs24-asobo-passiveaircraft-c172family,SIVE|FAMI
fs24-asobo-passiveaircraft-c177,SIVE
fs24-asobo-passiveaircraft-c182family,SIVE|FAMI
fs24-asobo-passiveaircraft-c206family,SIVE|FAMI
fs24-asobo-passiveaircraft-c208,SIVE
fs24-asobo-passiveaircraft-c208b,SIVE
fs24-asobo-passiveaircraft-c210family,SIVE|FAMI
fs24-asobo-passiveaircraft-c303,SIVE
fs24-asobo-passiveaircraft-c320family,SIVE|FAMI
fs24-asobo-passiveaircraft-c337family,SIVE|FAMI
fs24-asobo-passiveaircraft-c340,SIVE
fs24-asobo-passiveaircraft-c402family,SIVE|FAMI
fs24-asobo-passiveaircraft-c411,SIVE
fs24-asobo-passiveaircraft-c421family,SIVE|FAMI
fs24-asobo-passiveaircraft-c441,SIVE
fs24-asobo-passiveaircraft-citation-cj1family,SIVE|FAMI
fs24-asobo-passiveaircraft-citation-cj2family,SIVE|FAMI
fs24-asobo-passiveaircraft-citation-cj3,SIVE
fs24-asobo-passiveaircraft-citation-cj4,SIVE
fs24-asobo-passiveaircraft-citation-i,SIVE
fs24-asobo-passiveaircraft-citation-ii,SIVE
fs24-asobo-passiveaircraft-citation-iiifamily,SIVE|FAMI
fs24-asobo-passiveaircraft-citation-latitude,LATI|SIVE
fs24-asobo-passiveaircraft-citation-longitude,SIVE
fs24-asobo-passiveaircraft-citation-mustang,SIVE
fs24-asobo-passiveaircraft-citation-sovereign,EIGN|SIVE
fs24-asobo-passiveaircraft-citation-v,SIVE
fs24-asobo-passiveaircraft-citation-x,SIVE
fs24-asobo-passiveaircraft-citation-xls,SIVE
fs24-asobo-passiveaircraft-co1,SIVE
fs24-asobo-passiveaircraft-da20,SIVE
fs24-asobo-passiveaircraft-da40family,SIVE|FAMI
fs24-asobo-passiveaircraft-da42,SIVE
fs24-asobo-passiveaircraft-da62,SIVE
fs24-asobo-passiveaircraft-dg1001,SIVE
fs24-asobo-passiveaircraft-dhc8family,SIVE|FAMI
fs24-asobo-passiveaircraft-djet,SIVE
fs24-asobo-passiveaircraft-e2,SIVE
fs24-asobo-passiveaircraft-e330,SIVE
fs24-asobo-passiveaircraft-eagle,SIVE
fs24-asobo-passiveaircraft-ejet-190e2,SIVE
fs24-asobo-passiveaircraft-ejet-195e2,SIVE
fs24-asobo-passiveaircraft-ejet170family,SIVE|FAMI
fs24-asobo-passiveaircraft-ejet190family,SIVE|FAMI
fs24-asobo-passiveaircraft-erjfamily,SIVE|FAMI|RJFA
fs24-asobo-passiveaircraft-fa18,SIVE
fs24-asobo-passiveaircraft-generic-airliner-2eng,SIVE
fs24-asobo-passiveaircraft-generic-airliner-4eng,SIVE
fs24-asobo-passiveaircraft-generic-glider,LIDE|SIVE
fs24-asobo-passiveaircraft-generic-hab,SIVE
fs24-asobo-passiveaircraft-generic-helicopter,SIVE
fs24-asobo-passiveaircraft-generic-jet-2eng,SIVE
fs24-asobo-passiveaircraft-generic-piston-1eng,SIVE
fs24-asobo-passiveaircraft-generic-piston-2eng,SIVE
fs24-asobo-passiveaircraft-generic-turbo-1eng,SIVE
fs24-asobo-passiveaircraft-generic-turbo-2eng,SIVE
fs24-asobo-passiveaircraft-husky,SIVE
fs24-asobo-passiveaircraft-kingairfamily,SIVE|FAMI
fs24-asobo-passiveaircraft-kodiak,SIVE
fs24-asobo-passiveaircraft-legacy500,SIVE|LEGA|EGAC
fs24-asobo-passiveaircraft-m7family,SIVE|FAMI
fs24-asobo-passiveaircraft-md10family,SIVE|FAMI
fs24-asobo-passiveaircraft-md80family,SIVE|FAMI
fs24-asobo-passiveaircraft-p2002,SIVE
fs24-asobo-passiveaircraft-p2004,SIVE
fs24-asobo-passiveaircraft-p2006,SIVE
fs24-asobo-passiveaircraft-p2008,SIVE
fs24-asobo-passiveaircraft-p2010,SIVE
fs24-asobo-passiveaircraft-p2012,SIVE
fs24-asobo-passiveaircraft-p92,SIVE
fs24-asobo-passiveaircraft-pc12,SIVE
fs24-asobo-passiveaircraft-pc24,SIVE
fs24-asobo-passiveaircraft-pc6,SIVE
fs24-asobo-passiveaircraft-phenom100,SIVE
fs24-asobo-passiveaircraft-phenom300,SIVE
fs24-asobo-passiveaircraft-praetor500,SIVE|ETOR
fs24-asobo-passiveaircraft-praetor600,SIVE|ETOR
fs24-asobo-passiveaircraft-r22,SIVE
fs24-asobo-passiveaircraft-r44,SIVE
fs24-asobo-passiveaircraft-r66,SIVE
fs24-asobo-passiveaircraft-s2000,SIVE
fs24-asobo-passiveaircraft-sf50,SIVE
fs24-asobo-passiveaircraft-sr22family,SIVE|FAMI
fs24-asobo-passiveaircraft-t38,SIVE
fs24-asobo-passiveaircraft-t50,SIVE
fs24-asobo-passiveaircraft-t6family,SIVE|FAMI
fs24-asobo-passiveaircraft-tbm930,SIVE
fs24-asobo-procedural-hangar,HANG
fs24-asobo-proceduralgeneration-character-swimmer,SWIM|WIMM
fs24-asobo-simattachmentlib-instruments,ENTS
fs24-asobo-simobjects-animals,SIMO
fs24-asobo-simobjects-characters,SIMO
fs24-asobo-simobjects-landmarks,SIMO
fs24-asobo-simobjects-liquids,SIMO
fs24-asobo-simobjects-misc,SIMO
fs24-asobo-simobjects-vehicles,SIMO
fs24-asobo-surface-artificial-material-lib,FACE
fs24-asobo-surface-details-material-lib,FACE
fs24-asobo-surface-natural-material-lib,FACE
fs24-asobo-travelbook-airportspotting-pacific,PACI
fs24-asobo-travelbook-americasnationalparks,LPAR
fs24-asobo-travelbook-asiamonuments,ENTS|SIAM
fs24-asobo-travelbook-castlesofeurope,LESO
fs24-asobo-travelbook-famousmonuments,FAMO|ENTS
fs24-asobo-travelbook-fauna-savannasafari,FARI|SAVA
fs24-asobo-travelbook-geoglyphs,YPHS
fs24-asobo-travelbook-landscapesofeurope,SCAP
fs24-asobo-travelbook-notablerocks,LERO
fs24-asobo-travelbook-ofearthandwater,WATE
fs24-asobo-travelbook-planespottingwidebodyairliners,YAIR|WIDE
fs24-asobo-travelbook-spacetheskiesbeyond,ETHE|PACE|SPAC
fs24-asobo-travelbook-srfleetgliders,LIDE|FLEE
fs24-asobo-travelbook-srfleetprofessionals,FLEE|ESSI
fs24-asobo-travelbook-srfleetprotectorsoftheskies,FLEE
fs24-asobo-travelbook-srfleettourismleisure,FLEE
fs24-esd-modellib-eolib,LLIB
fs24-fs-base-coverage-map-australia-tin,USTR
fs24-fs-base-vegetation-material-lib,EGET
fs24-justsim-airport-lgrp-rodos-diagoras,LGRP
fs24-lhsimulations-lhbp-budapest,LATI|LHSI|LHBP|SIMU
fs24-microsoft-aircraft-c185f-skywagon,YWAG
fs24-microsoft-aircraft-dc3-livery-bluestripe,UEST
fs24-microsoft-aircraft-dc3-livery-oledusty,EDUS
fs24-microsoft-aircraft-dc3-livery-redyellow,YELL
fs24-microsoft-aircraft-edge540,EDGE
fs24-microsoft-aircraft-edge540v2,EDGE
fs24-microsoft-aircraft-skyrascal,SCAL
fs24-microsoft-aircraft-spirit-of-st-louis,SPIR
fs24-microsoft-airport-aggn-nusatupe,AGGN|SATU
fs24-microsoft-airport-at07-davis-plateau-skiway,KIWA
fs24-microsoft-airport-aygf-guari,AYGF
fs24-microsoft-airport-ayti-tapini,AYTI
fs24-microsoft-airport-biar-akureyri,BIAR
fs24-microsoft-airport-cybd-bellacoola,CYBD
fs24-microsoft-airport-cycg-castlegar,CYCG|LEGA|EGAR
fs24-microsoft-airport-cyda-dawson-city,CYDA
fs24-microsoft-airport-cydf-deerlake,CYDF
fs24-microsoft-airport-cyfb-iqaluit,CYFB
fs24-microsoft-airport-eddm-munich,EDDM
fs24-microsoft-airport-eddp-leipzig,EDDP
fs24-microsoft-airport-edds-stuttgart,EDDS
fs24-microsoft-airport-edhl-luebeck-blankensee,EDHL
fs24-microsoft-airport-edja-allgau,EDJA
fs24-microsoft-airport-edny-friedrichshafen,EDNY|EDRI
fs24-microsoft-airport-edvk-kassel,EDVK
fs24-microsoft-airport-edxh-helgoland,EDXH
fs24-microsoft-airport-efiv-ivalo,EFIV
fs24-microsoft-airport-efva-vaasa,EFVA
fs24-microsoft-airport-egcb-barton,EGCB
fs24-microsoft-airport-egff-cardiff,EGFF
fs24-microsoft-airport-eggp-john-lennon,ENNO|EGGP|LENN
fs24-microsoft-airport-eghc-lands-end,EGHC
fs24-microsoft-airport-eglf-farnborough,EGLF
fs24-microsoft-airport-egpb-sumburgh,EGPB
fs24-microsoft-airport-egpr-barra,EGPR
fs24-microsoft-airport-egss-stansted,EGSS
fs24-microsoft-airport-ehrd-rotterdam,EHRD
fs24-microsoft-airport-eick-cork,EICK
fs24-microsoft-airport-ekrn-bornholm,EKRN
fs24-microsoft-airport-enlk-leknes,ENLK
fs24-microsoft-airport-enra-moirana,ENRA
fs24-microsoft-airport-ensb-svalbard,ENSB|SVAL
fs24-microsoft-airport-esnq-kiruna,ESNQ
fs24-microsoft-airport-essa-arlanda,ESSA
fs24-microsoft-airport-katl-atlanta,KATL
fs24-microsoft-airport-kavx-catalina,KAVX
fs24-microsoft-airport-kbid-block-island,KBID|SLAN
fs24-microsoft-airport-kffa-firstflight,KFFA
fs24-microsoft-airport-kfhr-friday-harbor,KFHR
fs24-microsoft-airport-kgcn-grandcanyon,KGCN
fs24-microsoft-airport-krow-roswell,KROW
fs24-microsoft-airport-ktvl-lake-tahoe,KTVL
fs24-microsoft-airport-ldri-rijeka,LDRI
fs24-microsoft-airport-leco-a-coruna,LECO
fs24-microsoft-airport-lesu-la-seu-d-urgell,LESU
fs24-microsoft-airport-lfhm-megeve,LFHM
fs24-microsoft-airport-lfmn-nice,LFMN
fs24-microsoft-airport-lfpb-le-bourget,LFPB
fs24-microsoft-airport-lhpp-pecs-pogani,LHPP
fs24-microsoft-airport-licj-palermo-punta-raisi,LERM|LICJ
fs24-microsoft-airport-lilo-sondrio-caiolo,LILO
fs24-microsoft-airport-lipb-bolzano,LIPB
fs24-microsoft-airport-lirj-marina-di-campo,LIRJ
fs24-microsoft-airport-ljza-zletiscezagorjeobsavi,LETI|RJEO
fs24-microsoft-airport-lkkv-karlovy-vary,LKKV
fs24-microsoft-airport-lowk-flughafen-klagenfurt,LOWK
fs24-microsoft-airport-lows-salzburg,LOWS
fs24-microsoft-airport-lpfr-faro,FARO|LPFR
fs24-microsoft-airport-lppi-pico,LPPI
fs24-microsoft-airport-lqpd-prijedor-urije,LQPD|EDOR
fs24-microsoft-airport-lsza-lugano,LSZA
fs24-microsoft-airport-lszb-bern,LSZB
fs24-microsoft-airport-lszh-zurich,LSZH
fs24-microsoft-airport-lszr-altenrheinst-gallen,LSZR
fs24-microsoft-airport-lztt-popradtatry,LZTT
fs24-microsoft-airport-mdpp-puerto-plata,MDPP|UERT
fs24-microsoft-airport-mkjs-sangster,MKJS
fs24-microsoft-airport-mtca-les-cayes,AYES|MTCA
fs24-microsoft-airport-mucl-vilo-acuna,MUCL
fs24-microsoft-airport-myeh-north-eleuthera,MYEH
fs24-microsoft-airport-ncai-aitutaki,NCAI|UTAK
fs24-microsoft-airport-nttb-borabora,NTTB
fs24-microsoft-airport-nttm-moorea,NTTM
fs24-microsoft-airport-nzfx-phoenix-airfield-mcmurdo-station,NZFX
fs24-microsoft-airport-nzgs-gisborne,NZGS|SBOR
fs24-microsoft-airport-nzmf-milfordsound,NZMF|LFOR
fs24-microsoft-airport-nzmj-martinsbay,NZMJ
fs24-microsoft-airport-nzro-rotorua,NZRO
fs24-microsoft-airport-nztl-tekapo,NZTL
fs24-microsoft-airport-nzwr-whangarei,NZWR|HANG
fs24-microsoft-airport-nzws-westport,NZWS
fs24-microsoft-airport-pavd-valdez,PAVD
fs24-microsoft-airport-phko-kona,PHKO|KONA
fs24-microsoft-airport-ptpn-pohnpei,PTPN
fs24-microsoft-airport-rjck-kushiro,USHI|RJCK
fs24-microsoft-airport-rjfu-nagasaki,RJFU
fs24-microsoft-airport-rjth-hachijojima,RJTH
fs24-microsoft-airport-sbfi-cataratas,SBFI
fs24-microsoft-airport-sbfn-fernandodenoronha,SBFN
fs24-microsoft-airport-sbrj-santos-dumont,SANT|SBRJ
fs24-microsoft-airport-sbsn-santarem,SANT|SBSN|NTAR
fs24-microsoft-airport-scip-mataveria,SCIP
fs24-microsoft-airport-smzo-zorgenhoop,SMZO
fs24-microsoft-airport-soom-saint-laurent,SOOM
fs24-microsoft-airport-syka-kaieteur,SYKA
fs24-microsoft-airport-tffs-les-saintes,TFFS
fs24-microsoft-airport-tncm-princess-juliana,TNCM
fs24-microsoft-airport-ttcp-crown-point,TTCP
fs24-microsoft-airport-vhhx-kaitak,KAIT
fs24-microsoft-airport-ylre-longreach,YLRE
fs24-microsoft-airport-ymbt-mountbeauty,YMBT
fs24-microsoft-airport-ypbo-paraburdoo,YPBO
fs24-microsoft-airport-yshl-shellharbour,YSHL|LLHA
fs24-microsoft-discovery-braz-maranhenses,SCOV
fs24-microsoft-discovery-braz-saupaulo,SCOV
fs24-microsoft-discovery-surin-paramaribo,SCOV
fs24-microsoft-eddk-cologne-bonn,EDDK
fs24-microsoft-landingchallenge-sbfn-noronha,HALL|SBFN
fs24-microsoft-landingchallenge-sbrj-dumont,HALL|SBRJ
fs24-microsoft-landingchallenge-sbsp-saopaulo,SBSP|HALL
fs24-microsoft-modellib-airport-generic,LLIB
fs24-microsoft-modellib-assets,LLIB|SETS
fs24-microsoft-modellib-texture,LLIB
fs24-microsoft-passiveaircraft-beech-17,SIVE
fs24-microsoft-passiveaircraft-c185,SIVE
fs24-microsoft-passiveaircraft-c188,SIVE
fs24-microsoft-passiveaircraft-c195,SIVE
fs24-microsoft-passiveaircraft-c207,SIVE
fs24-microsoft-passiveaircraft-c400,SIVE
fs24-microsoft-passiveaircraft-c404,SIVE
fs24-microsoft-passiveaircraft-c408,SIVE
fs24-microsoft-passiveaircraft-c90,SIVE
fs24-microsoft-passiveaircraft-s340,SIVE
fs24-microsoft-scenery-gliders-worldwide-part1,LIDE|WIDE
fs24-microsoft-scenery-gliders-worldwide-part2,LIDE|WIDE
fs24-microsoft-scenery-gliders-worldwide-part3,LIDE|WIDE
fs24-microsoft-scenery-helipad-worldwide,LIPA|WIDE
fs24-microsoft-ships-high-speed-craft-1,SPEE
fs24-microsoft-ships-pilot-vessel-1,ESSE
fs24-microsoft-ships-search-and-rescue-1,SEAR
fs24-microsoft-simobjects-animals-aardvark,VARK|SIMO
fs24-microsoft-simobjects-animals-anteater,SIMO
fs24-microsoft-simobjects-animals-antelope,SIMO
fs24-microsoft-simobjects-animals-bear,SIMO
fs24-microsoft-simobjects-animals-bison,SIMO
fs24-microsoft-simobjects-animals-bongo,SIMO
fs24-microsoft-simobjects-animals-buffalo,FALO|SIMO
fs24-microsoft-simobjects-animals-camel,SIMO
fs24-microsoft-simobjects-animals-capra,SIMO
fs24-microsoft-simobjects-animals-capybara,YBAR|SIMO
fs24-microsoft-simobjects-animals-cheetah,SIMO
fs24-microsoft-simobjects-animals-chimp,SIMO
fs24-microsoft-simobjects-animals-cow,SIMO
fs24-microsoft-simobjects-animals-crocodile,SIMO
fs24-microsoft-simobjects-animals-deer,SIMO
fs24-microsoft-simobjects-animals-elephant,SIMO
fs24-microsoft-simobjects-animals-elk,SIMO
fs24-microsoft-simobjects-animals-gazelle,SIMO
fs24-microsoft-simobjects-animals-giraffe,SIMO
fs24-microsoft-simobjects-animals-gnu,SIMO
fs24-microsoft-simobjects-animals-goat,SIMO
fs24-microsoft-simobjects-animals-hippo,SIMO
fs24-microsoft-simobjects-animals-horse,SIMO
fs24-microsoft-simobjects-animals-hyena,SIMO
fs24-microsoft-simobjects-animals-kangaroo,SIMO
fs24-microsoft-simobjects-animals-leopard,SIMO
fs24-microsoft-simobjects-animals-lion,SIMO
fs24-microsoft-simobjects-animals-llama,SIMO
fs24-microsoft-simobjects-animals-monkey,SIMO
fs24-microsoft-simobjects-animals-moose,SIMO
fs24-microsoft-simobjects-animals-ostrich,SIMO
fs24-microsoft-simobjects-animals-panda,SIMO
fs24-microsoft-simobjects-animals-reindeer,SIMO
fs24-microsoft-simobjects-animals-rhino,SIMO
fs24-microsoft-simobjects-animals-sheep,SIMO
fs24-microsoft-simobjects-animals-tiger,SIMO
fs24-microsoft-simobjects-animals-vulpes,SIMO
fs24-microsoft-simobjects-animals-warthogs,WART|SIMO
fs24-microsoft-simobjects-animals-wildebeest,SIMO
fs24-microsoft-simobjects-animals-wolf,SIMO
fs24-microsoft-simobjects-animals-zebra,SIMO
fs24-microsoft-simobjects-winches,SIMO
fs24-pilotexperiencesim-lfkj,LFKJ
